year,constructorId,driver_1,driver_2,num_races_together,total_race_position_1,total_points_1,total_qualy_position_1,total_race_position_2,total_points_2,total_qualy_position_2
2024,215,817,852,18,241,7.0,238.0,241,21.0,210.0
2024,215,852,859,3,41,6.0,25.0,34,4.0,32.0
2024,214,839,842,21,278,23.0,300.0,277,24.0,302.0
2024,210,807,825,19,216,28.0,218.0,257,12.0,277.0
2024,210,807,860,2,31,0.0,32.0,22,1.0,28.0
2024,131,1,847,21,149,177.0,170.0,152,179.0,114.0
2024,117,4,840,21,217,62.0,199.0,274,24.0,261.0
2024,15,822,855,21,333,0.0,324.0,338,0.0,392.0
2024,9,815,830,21,184,137.0,189.0,75,356.0,59.0
2024,6,832,844,20,120,221.0,115.0,97,266.0,103.0
2024,6,844,860,1,3,16.0,2.0,7,6.0,11.0
2024,3,848,858,14,204,4.0,187.0,240,0.0,247.0
2024,3,848,861,6,89,8.0,62.0,70,5.0,90.0
2024,1,846,857,21,86,308.0,75.0,103,243.0,116.0
2023,214,839,842,22,261,56.0,246.0,235,54.0,243.0
2023,213,817,852,7,89,6.0,98.0,80,12.0,96.0
2023,213,852,856,10,129,2.0,140.0,159,0.0,170.0
2023,213,852,859,5,81,0.0,60.0,61,2.0,71.0
2023,210,807,825,22,320,6.0,267.0,343,3.0,333.0
2023,131,1,847,22,136,217.0,140.0,178,157.0,143.0
2023,117,4,840,22,146,198.0,154.0,246,68.0,274.0
2023,51,822,855,22,307,10.0,305.0,309,6.0,350.0
2023,9,815,830,22,129,260.0,200.0,28,530.0,66.0
2023,6,832,844,22,165,178.0,118.0,181,185.0,98.0
2023,3,848,858,22,273,25.0,273.0,348,1.0,379.0
2023,1,846,857,22,176,184.0,179.0,240,82.0,217.0
2022,214,4,839,22,239,81.0,182.0,195,89.0,235.0
2022,213,842,852,22,274,23.0,275.0,321,12.0,302.0
2022,210,825,854,22,311,21.0,272.0,317,12.0,318.0
2022,131,1,847,22,133,233.0,141.0,110,262.0,142.0
2022,117,20,840,20,229,37.0,287.0,240,18.0,313.0
2022,117,807,840,2,29,0.0,35.0,25,0.0,34.0
2022,51,822,855,22,266,47.0,257.0,315,6.0,317.0
2022,9,815,830,22,119,291.0,110.0,77,433.0,57.0
2022,6,832,844,22,173,228.0,84.0,121,291.0,66.0
2022,3,848,849,21,292,4.0,327.0,342,2.0,393.0
2022,3,849,856,1,15,0.0,16.0,9,2.0,13.0
2022,1,817,846,22,275,34.0,267.0,193,116.0,177.0
2021,214,4,839,22,218,81.0,242.0,233,74.0,242.0
2021,213,842,852,22,206,110.0,150.0,290,32.0,282.0
2021,210,853,854,22,393,0.0,431.0,372,0.0,382.0
2021,131,1,822,22,75,385.5,47.0,163,219.0,83.0
2021,117,20,840,22,265,43.0,259.0,263,34.0,297.0
2021,51,8,841,20,264,10.0,315.0,261,3.0,292.0
2021,51,9,841,2,29,0.0,37.0,27,0.0,17.0
2021,9,815,830,22,166,190.0,141.0,91,388.5,62.0
2021,6,832,844,22,143,163.5,179.0,170,159.0,146.0
2021,3,847,849,22,306,16.0,278.0,342,7.0,361.0
2021,1,817,846,22,189,114.0,212.0,154,160.0,145.0
2020,213,826,842,17,188,32.0,206.0,176,75.0,172.0
2020,211,807,815,1,8,4.0,20.0,4,12.0,9.0
2020,211,807,840,2,27,6.0,16.0,15,10.0,12.0
2020,211,815,840,14,107,113.0,97.0,152,65.0,126.0
2020,210,154,825,15,230,2.0,255.0,238,1.0,254.0
2020,210,825,850,2,33,0.0,33.0,36,0.0,39.0
2020,131,1,822,16,30,347.0,27.0,80,219.0,38.0
2020,131,822,847,1,8,4.0,1.0,9,3.0,2.0
2020,51,8,841,17,222,4.0,283.0,249,4.0,287.0
2020,9,830,848,17,121,214.0,53.0,141,105.0,122.0
2020,6,20,844,17,196,33.0,208.0,168,98.0,141.0
2020,4,817,839,17,127,119.0,131.0,177,62.0,169.0
2020,3,847,849,16,251,0.0,249.0,250,0.0,304.0
2020,3,849,851,1,18,0.0,17.0,16,0.0,18.0
2020,1,832,846,17,152,105.0,141.0,141,97.0,140.0
2019,211,815,840,21,227,52.0,280.0,268,21.0,329.0
2019,210,154,825,21,316,8.0,251.0,289,20.0,245.0
2019,131,1,822,21,50,413.0,48.0,86,326.0,63.0
2019,51,8,841,21,244,43.0,259.0,291,14.0,260.0
2019,9,830,842,12,40,181.0,50.0,102,63.0,105.0
2019,9,830,848,9,65,97.0,46.0,56,76.0,76.0
2019,6,20,844,21,135,240.0,92.0,117,264.0,84.0
2019,5,826,842,9,105,10.0,132.0,94,32.0,102.0
2019,5,826,848,12,144,27.0,154.0,140,16.0,135.0
2019,4,807,817,21,248,37.0,231.0,255,54.0,221.0
2019,3,9,847,21,357,1.0,410.0,332,0.0,384.0
2019,1,832,846,21,211,96.0,216.0,238,49.0,198.0
2018,210,154,825,21,264,37.0,211.0,239,56.0,221.0
2018,131,1,822,21,55,408.0,52.0,107,247.0,74.0
2018,15,828,844,21,277,9.0,327.0,260,39.0,262.0
2018,10,815,839,21,222,62.0,240.0,248,49.0,209.0
2018,9,817,830,21,193,170.0,151.0,128,249.0,138.0
2018,6,8,20,21,126,251.0,81.0,81,320.0,55.0
2018,5,842,843,21,270,29.0,271.0,313,4.0,321.0
2018,4,807,832,21,249,69.0,227.0,216,53.0,217.0
2018,3,840,845,21,300,6.0,364.0,326,1.0,356.0
2018,1,4,838,21,266,50.0,281.0,270,12.0,352.0
2017,210,154,825,20,245,28.0,277.0,257,19.0,307.0
2017,131,1,822,20,54,363.0,68.0,73,305.0,60.0
2017,15,828,836,18,274,0.0,334.0,266,5.0,322.0
2017,15,828,841,2,33,0.0,29.0,31,0.0,31.0
2017,10,815,839,20,165,100.0,186.0,169,87.0,203.0
2017,9,817,830,20,160,200.0,122.0,186,168.0,107.0
2017,6,8,20,20,136,205.0,76.0,83,317.0,66.0
2017,5,826,832,14,191,4.0,178.0,153,48.0,162.0
2017,5,826,843,1,10,1.0,12.0,13,0.0,18.0
2017,5,832,842,2,39,0.0,29.0,27,0.0,32.0
2017,5,842,843,3,41,0.0,34.0,50,0.0,48.0
2017,4,807,832,4,55,9.0,38.0,53,6.0,38.0
2017,4,807,835,16,193,34.0,153.0,229,8.0,215.0
2017,3,13,840,19,194,43.0,203.0,234,40.0,281.0
2017,3,814,840,1,18,0.0,19.0,14,0.0,17.0
2017,1,4,838,19,262,17.0,217.0,258,13.0,259.0
2017,1,18,838,1,18,0.0,9.0,16,0.0,10.0
2016,210,154,821,21,291,29.0,281.0,316,0.0,291.0
2016,209,836,837,12,200,1.0,227.0,224,0.0,242.0
2016,209,836,839,9,163,0.0,164.0,153,0.0,162.0
2016,131,1,3,21,79,380.0,87.0,67,385.0,34.0
2016,15,828,831,21,333,0.0,373.0,336,2.0,404.0
2016,10,807,815,21,238,72.0,174.0,180,101.0,198.0
2016,9,817,826,4,23,36.0,21.0,47,21.0,47.0
2016,9,817,830,17,69,220.0,67.0,102,191.0,97.0
2016,6,8,20,21,158,186.0,106.0,153,212.0,111.0
2016,5,826,832,17,257,4.0,241.0,205,42.0,209.0
2016,5,830,832,4,43,13.0,33.0,48,4.0,37.0
2016,4,825,835,21,316,7.0,339.0,336,1.0,348.0
2016,3,13,822,21,239,53.0,221.0,203,85.0,175.0
2016,1,4,18,20,232,54.0,228.0,272,21.0,260.0
2016,1,18,838,1,20,0.0,14.0,10,1.0,12.0
2015,209,829,833,13,212,0.0,227.0,204,0.0,252.0
2015,209,829,834,5,87,0.0,95.0,77,0.0,94.0
2015,208,154,813,19,212,51.0,187.0,264,27.0,236.0
2015,131,1,3,19,49,381.0,30.0,73,322.0,39.0
2015,15,828,831,19,247,9.0,276.0,230,27.0,270.0
2015,10,807,815,19,227,58.0,191.0,173,78.0,203.0
2015,9,817,826,19,174,92.0,138.0,168,95.0,165.0
2015,6,8,20,19,151,150.0,131.0,78,278.0,93.0
2015,5,830,832,19,212,49.0,209.0,240,18.0,205.0
2015,3,13,822,19,171,121.0,148.0,152,136.0,116.0
2015,1,4,18,18,268,11.0,280.0,254,16.0,251.0
2015,1,18,825,1,11,0.0,17.0,17,0.0,18.0
2014,208,154,813,19,280,8.0,283.0,296,2.0,336.0
2014,207,155,828,15,262,0.0,293.0,270,0.0,311.0
2014,207,155,829,1,18,0.0,17.0,17,0.0,18.0
2014,207,827,828,1,22,0.0,21.0,17,0.0,22.0
2014,206,820,824,15,253,0.0,294.0,247,2.0,273.0
2014,131,1,3,19,78,384.0,75.0,82,317.0,32.0
2014,15,16,821,19,312,0.0,289.0,304,0.0,298.0
2014,10,807,815,19,167,96.0,207.0,212,59.0,230.0
2014,9,20,817,19,140,167.0,127.0,116,238.0,90.0
2014,6,4,8,19,135,161.0,129.0,187,55.0,186.0
2014,5,818,826,19,246,22.0,214.0,259,8.0,200.0
2014,3,13,822,19,181,134.0,146.0,116,186.0,114.0
2014,1,18,825,19,153,126.0,159.0,187,55.0,154.0
2013,208,5,154,2,29,0.0,19.0,24,18.0,9.0
2013,208,8,154,17,113,183.0,124.0,158,114.0,146.0
2013,207,819,823,19,337,0.0,379.0,343,0.0,376.0
2013,206,820,824,19,345,0.0,400.0,335,0.0,379.0
2013,131,1,3,19,113,189.0,61.0,141,171.0,84.0
2013,15,807,821,19,214,51.0,188.0,269,6.0,299.0
2013,10,16,814,19,254,29.0,240.0,238,48.0,234.0
2013,9,17,20,19,133,199.0,84.0,50,397.0,39.0
2013,6,4,13,19,95,242.0,117.0,166,112.0,156.0
2013,5,817,818,19,254,20.0,203.0,278,13.0,260.0
2013,3,813,822,19,278,1.0,312.0,274,4.0,287.0
2013,1,18,815,19,173,73.0,202.0,193,49.0,209.0
2012,208,8,154,19,104,197.0,145.0,244,96.0,146.0
2012,208,8,816,1,5,10.0,8.0,13,0.0,16.0
2012,207,5,808,20,331,0.0,380.0,339,0.0,396.0
2012,206,10,819,20,354,0.0,402.0,368,0.0,437.0
2012,164,37,39,20,400,0.0,450.0,419,0.0,447.0
2012,131,3,30,20,219,93.0,189.0,284,49.0,181.0
2012,15,155,815,20,245,60.0,236.0,257,66.0,220.0
2012,10,807,814,20,222,63.0,203.0,221,46.0,231.0
2012,9,17,20,20,154,179.0,110.0,105,281.0,85.0
2012,6,4,13,20,104,278.0,131.0,169,122.0,197.0
2012,5,817,818,20,246,10.0,298.0,287,16.0,335.0
2012,3,811,813,20,264,31.0,293.0,283,45.0,176.0
2012,1,1,18,20,192,190.0,61.0,171,188.0,131.0
2011,205,5,15,18,315,0.0,332.0,326,0.0,352.0
2011,205,5,812,1,16,0.0,19.0,20,0.0,21.0
2011,166,10,816,19,366,0.0,403.0,354,0.0,420.0
2011,164,24,39,8,161,0.0,178.0,167,0.0,187.0
2011,164,24,817,10,207,0.0,229.0,194,0.0,229.0
2011,164,39,817,1,17,0.0,22.0,18,0.0,21.0
2011,131,3,30,19,170,89.0,144.0,226,76.0,172.0
2011,15,37,155,1,12,0.0,17.0,7,6.0,13.0
2011,15,155,815,18,236,24.0,232.0,256,14.0,245.0
2011,10,16,814,19,208,42.0,221.0,222,27.0,225.0
2011,9,17,20,19,80,258.0,73.0,52,392.0,24.0
2011,6,4,13,19,84,257.0,88.0,165,118.0,110.0
2011,5,67,153,19,268,15.0,265.0,257,26.0,274.0
2011,4,2,808,11,135,34.0,124.0,121,32.0,104.0
2011,4,808,811,8,114,5.0,90.0,111,2.0,93.0
2011,3,22,813,19,273,4.0,260.0,320,1.0,268.0
2011,1,1,18,19,128,227.0,63.0,94,270.0,86.0
2010,205,5,15,19,323,0.0,367.0,366,0.0,368.0
2010,166,10,810,19,357,0.0,377.0,367,0.0,420.0
2010,164,29,811,6,111,0.0,139.0,110,0.0,134.0
2010,164,29,812,1,20,0.0,24.0,19,0.0,23.0
2010,164,32,811,3,62,0.0,69.0,62,0.0,70.0
2010,164,811,812,9,175,0.0,206.0,161,0.0,211.0
2010,131,3,30,19,157,142.0,139.0,191,72.0,179.0
2010,15,2,155,5,63,6.0,69.0,60,11.0,60.0
2010,15,37,155,14,231,6.0,202.0,219,21.0,202.0
2010,10,16,24,19,223,47.0,223.0,284,21.0,290.0
2010,9,17,20,19,115,242.0,48.0,114,256.0,38.0
2010,6,4,13,19,103,252.0,112.0,149,144.0,148.0
2010,5,67,153,19,275,8.0,281.0,246,5.0,297.0
2010,4,9,808,19,158,136.0,133.0,259,27.0,257.0
2010,3,22,807,19,210,47.0,181.0,267,22.0,208.0
2010,1,1,18,19,122,240.0,93.0,121,214.0,132.0
2009,23,18,22,17,74,95.0,95.0,92,77.0,69.0
2009,10,16,21,12,182,0.0,188.0,150,8.0,194.0
2009,10,16,24,5,70,5.0,43.0,72,0.0,78.0
2009,9,17,20,17,122,69.5,120.0,117,84.0,66.0
2009,7,10,15,15,130,24.0,164.0,153,30.5,126.0
2009,7,15,155,2,26,2.0,10.0,16,3.0,23.0
2009,6,8,13,10,101,18.0,85.0,101,22.0,89.0
2009,6,8,21,5,35,14.0,40.0,61,0.0,88.0
2009,6,8,69,2,4,16.0,12.0,31,0.0,40.0
2009,5,7,67,9,126,2.0,159.0,135,3.0,144.0
2009,5,67,153,8,110,3.0,101.0,136,0.0,135.0
2009,4,4,12,10,94,13.0,79.0,140,0.0,146.0
2009,4,4,154,7,73,13.0,73.0,115,0.0,114.0
2009,3,3,6,17,140,34.5,143.0,233,0.0,215.0
2009,2,2,9,17,178,19.0,200.0,199,17.0,193.0
2009,1,1,5,17,165,49.0,153.0,189,22.0,185.0
2008,11,18,22,18,247,3.0,267.0,250,11.0,269.0
2008,10,16,21,18,319,0.0,349.0,289,0.0,335.0
2008,9,14,17,18,238,8.0,229.0,180,21.0,160.0
2008,8,11,19,4,57,0.0,84.0,68,0.0,86.0
2008,7,10,15,18,188,25.0,195.0,171,31.0,142.0
2008,6,8,13,18,126,75.0,80.0,109,97.0,53.0
2008,5,7,20,18,256,4.0,243.0,207,35.0,203.0
2008,4,4,12,18,134,61.0,128.0,235,19.0,246.0
2008,3,3,6,18,196,17.0,215.0,228,9.0,271.0
2008,2,2,9,18,117,60.0,162.0,101,75.0,110.0
2008,1,1,5,18,94,98.0,55.0,142,53.0,70.0
2007,12,16,27,9,157,0.0,184.0,154,0.0,193.0
2007,12,16,28,1,19,0.0,21.0,17,0.0,22.0
2007,12,16,29,7,115,1.0,142.0,129,0.0,151.0
2007,11,18,22,17,234,6.0,236.0,218,0.0,254.0
2007,9,14,17,17,225,14.0,229.0,232,10.0,155.0
2007,8,11,19,17,244,4.0,293.0,266,0.0,273.0
2007,7,15,23,17,210,8.0,157.0,233,5.0,211.0
2007,6,8,13,17,72,110.0,61.0,97,94.0,66.0
2007,5,20,24,7,115,5.0,108.0,91,3.0,102.0
2007,5,24,26,10,181,0.0,165.0,174,0.0,178.0
2007,4,5,21,17,143,30.0,183.0,180,21.0,179.0
2007,3,3,6,1,4,5.0,10.0,10,0.0,19.0
2007,3,3,25,16,181,15.0,159.0,202,13.0,246.0
2007,2,2,9,16,95,61.0,88.0,142,39.0,110.0
2007,2,2,20,1,18,0.0,5.0,8,1.0,7.0
2007,1,1,4,17,67,109.0,45.0,68,109.0,49.0
2006,14,27,33,4,68,0.0,74.0,69,0.0,81.0
2006,13,27,33,14,220,0.0,251.0,221,0.0,259.0
2006,11,18,22,18,144,56.0,133.0,172,30.0,132.0
2006,9,14,32,15,172,14.0,201.0,221,2.0,199.0
2006,9,14,38,3,48,0.0,48.0,37,0.0,43.0
2006,8,11,29,7,107,0.0,143.0,129,0.0,148.0
2006,8,11,34,4,62,0.0,83.0,69,0.0,87.0
2006,8,11,36,7,123,0.0,141.0,131,0.0,149.0
2006,7,15,23,18,221,15.0,186.0,209,20.0,159.0
2006,6,13,30,18,111,80.0,116.0,78,121.0,90.0
2006,5,24,26,18,243,1.0,286.0,248,0.0,306.0
2006,4,4,21,18,64,134.0,78.0,113,72.0,104.0
2006,3,3,17,18,270,4.0,220.0,271,7.0,194.0
2006,2,2,9,6,57,10.0,45.0,68,6.0,55.0
2006,2,2,35,12,125,13.0,148.0,141,7.0,141.0
2006,1,8,31,10,83,39.0,72.0,106,26.0,74.0
2006,1,8,37,8,77,26.0,35.0,76,19.0,73.0
2005,18,27,38,8,121,0.0,136.0,126,0.0,143.0
2005,18,27,40,11,158,4.0,196.0,176,3.0,197.0
2005,17,33,39,19,244,7.0,328.0,283,5.0,322.0
2005,16,11,18,16,226,1.0,170.0,129,37.0,96.0
2005,16,18,19,1,18,0.0,9.0,19,0.0,15.0
2005,15,13,35,19,205,11.0,221.0,223,9.0,235.0
2005,9,14,24,4,40,6.0,43.0,50,1.0,53.0
2005,9,14,32,15,168,18.0,171.0,178,9.0,165.0
2005,7,15,23,18,156,43.0,108.0,133,45.0,161.0
2005,7,15,41,1,7,0.0,1.0,17,0.0,13.0
2005,6,22,30,19,157,38.0,203.0,166,62.0,161.0
2005,4,4,21,19,69,133.0,77.0,164,58.0,103.0
2005,3,2,17,14,152,28.0,135.0,150,24.0,101.0
2005,3,17,42,5,46,12.0,55.0,71,2.0,71.0
2005,1,8,25,1,16,0.0,1.0,3,6.0,7.0
2005,1,8,31,17,76,106.0,68.0,157,60.0,130.0
2005,1,8,37,1,3,6.0,9.0,5,4.0,8.0
2004,19,17,32,18,226,7.0,180.0,236,3.0,251.0
2004,18,46,47,18,300,0.0,336.0,279,1.0,334.0
2004,17,2,10,4,53,1.0,63.0,52,2.0,68.0
2004,17,2,45,14,199,2.0,223.0,226,0.0,239.0
2004,16,11,18,18,181,34.0,139.0,101,85.0,90.0
2004,15,13,21,18,192,12.0,245.0,158,22.0,225.0
2004,7,15,41,1,12,0.0,10.0,13,0.0,15.0
2004,7,15,44,1,11,0.0,6.0,14,0.0,10.0
2004,7,41,44,4,58,0.0,60.0,53,1.0,43.0
2004,7,43,44,12,167,3.0,142.0,155,5.0,140.0
2004,6,22,30,18,72,114.0,84.0,47,148.0,62.0
2004,4,4,15,15,120,45.0,104.0,118,46.0,100.0
2004,4,4,35,3,13,14.0,26.0,31,0.0,36.0
2004,3,23,31,12,129,24.0,62.0,92,40.0,68.0
2004,3,31,42,4,26,13.0,22.0,34,6.0,39.0
2004,3,31,48,2,13,5.0,14.0,22,0.0,21.0
2004,1,8,14,18,198,45.0,151.0,179,24.0,172.0
2003,19,17,42,11,122,12.0,113.0,153,0.0,152.0
2003,19,17,51,5,53,5.0,45.0,70,1.0,69.0
2003,18,50,51,11,156,0.0,205.0,163,0.0,206.0
2003,18,50,53,5,67,0.0,90.0,64,0.0,97.0
2003,17,21,47,2,28,0.0,26.0,27,0.0,37.0
2003,17,21,52,14,188,12.0,196.0,199,1.0,238.0
2003,16,11,18,1,6,3.0,13.0,4,5.0,9.0
2003,16,18,35,15,169,12.0,181.0,200,6.0,175.0
2003,15,2,49,16,184,6.0,197.0,204,13.0,212.0
2003,7,43,44,16,172,10.0,180.0,212,6.0,144.0
2003,6,22,30,16,127,65.0,58.0,68,93.0,68.0
2003,4,4,15,16,132,55.0,126.0,159,33.0,117.0
2003,3,23,31,15,102,58.0,89.0,97,74.0,65.0
2003,3,31,48,1,2,8.0,2.0,5,4.0,5.0
2003,1,8,14,16,94,91.0,109.0,133,51.0,136.0
2002,21,49,59,12,166,2.0,11.0,193,0.0,16.0
2002,19,37,56,17,241,0.0,34.0,203,8.0,34.0
2002,18,17,19,2,36,0.0,,35,0.0,
2002,18,17,62,13,165,2.0,40.0,204,0.0,42.0
2002,17,11,21,17,219,2.0,22.0,211,7.0,17.0
2002,16,35,44,17,198,4.0,22.0,233,3.0,34.0
2002,15,2,13,16,150,7.0,19.0,189,4.0,29.0
2002,15,2,49,1,9,0.0,,13,0.0,
2002,7,63,66,17,205,2.0,23.0,264,0.0,37.0
2002,6,22,30,17,117,77.0,5.0,24,144.0,2.0
2002,4,15,18,17,192,9.0,23.0,179,14.0,18.0
2002,3,23,31,17,122,42.0,9.0,116,50.0,8.0
2002,1,8,14,17,193,24.0,9.0,126,41.0,9.0
2001,22,18,21,17,219,2.0,10.0,211,8.0,12.0
2001,21,50,59,17,210,1.0,20.0,265,0.0,19.0
2001,20,49,54,2,23,0.0,,42,0.0,
2001,20,49,61,3,38,0.0,15.0,45,0.0,21.0
2001,20,54,55,8,103,0.0,,75,4.0,
2001,20,55,60,4,35,0.0,,66,0.0,
2001,19,37,56,13,177,3.0,16.0,187,6.0,14.0
2001,19,54,56,4,47,0.0,,61,0.0,
2001,18,4,58,14,223,0.0,,209,0.0,
2001,18,4,62,3,45,0.0,17.0,50,0.0,22.0
2001,17,15,41,2,22,0.0,,27,0.0,
2001,17,15,49,10,116,9.0,,117,6.0,
2001,17,15,55,5,65,3.0,8.0,53,1.0,9.0
2001,16,35,44,17,178,12.0,18.0,203,5.0,13.0
2001,15,2,8,17,188,12.0,6.0,201,9.0,11.0
2001,6,22,30,17,110,56.0,5.0,57,123.0,1.0
2001,3,23,31,17,151,49.0,2.0,201,31.0,3.0
2001,1,14,57,17,100,65.0,7.0,181,37.0,4.0
2000,22,21,25,17,190,18.0,52.0,206,2.0,56.0
2000,21,37,50,17,272,2.0,57.0,246,5.0,51.0
2000,20,2,55,16,250,0.0,70.0,265,0.0,64.0
2000,19,54,65,1,11,0.0,,7,0.0,
2000,19,56,65,16,185,4.0,30.0,226,0.0,61.0
2000,18,48,60,17,241,0.0,81.0,232,0.0,86.0
2000,17,15,49,17,225,6.0,40.0,226,11.0,21.0
2000,16,35,41,17,162,17.0,36.0,200,3.0,64.0
2000,15,63,64,17,180,6.0,59.0,224,0.0,62.0
2000,6,22,30,17,107,62.0,13.0,90,108.0,11.0
2000,3,18,23,17,191,12.0,50.0,164,24.0,29.0
2000,1,14,57,17,88,73.0,12.0,82,89.0,7.0
1999,24,22,65,16,152,21.0,13.0,204,15.0,35.0
1999,22,21,25,16,179,13.0,28.0,193,3.0,36.0
1999,21,37,68,16,228,1.0,54.0,250,0.0,56.0
1999,20,15,44,16,211,7.0,39.0,196,2.0,43.0
1999,18,48,69,15,211,1.0,43.0,207,0.0,43.0
1999,18,48,72,1,9,0.0,20.0,16,0.0,17.0
1999,17,49,71,16,100,54.0,20.0,216,7.0,24.0
1999,16,35,41,13,191,0.0,32.0,194,0.0,19.0
1999,16,35,63,3,52,0.0,5.0,30,0.0,19.0
1999,15,55,64,16,214,2.0,43.0,233,3.0,44.0
1999,6,30,56,10,61,44.0,10.0,41,46.0,16.0
1999,6,56,63,6,22,28.0,,47,10.0,
1999,3,23,70,16,118,35.0,28.0,225,0.0,41.0
1999,1,14,57,16,145,48.0,6.0,103,76.0,3.0
1998,25,68,73,13,200,0.0,99.0,211,0.0,123.0
1998,24,22,50,9,134,0.0,48.0,132,0.0,63.0
1998,24,22,76,7,97,4.0,41.0,107,1.0,56.0
1998,22,21,25,16,139,16.0,50.0,153,17.0,70.0
1998,21,63,64,16,259,3.0,107.0,255,3.0,119.0
1998,20,15,44,16,227,1.0,100.0,224,0.0,108.0
1998,18,74,75,16,247,0.0,136.0,220,0.0,140.0
1998,17,23,71,16,197,14.0,64.0,153,20.0,60.0
1998,15,55,65,16,148,9.0,69.0,215,1.0,82.0
1998,6,30,56,16,75,86.0,28.0,98,47.0,42.0
1998,3,35,49,16,119,21.0,44.0,152,17.0,47.0
1998,1,14,57,16,104,56.0,27.0,76,100.0,11.0
1997,26,73,80,1,24,0.0,,23,0.0,
1997,25,50,63,17,236,0.0,191.0,218,2.0,178.0
1997,24,22,76,17,268,6.0,115.0,268,0.0,177.0
1997,22,25,55,3,31,4.0,26.0,9,14.0,27.0
1997,22,55,77,14,116,22.0,58.0,99,27.0,60.0
1997,21,64,71,17,251,2.0,178.0,226,7.0,142.0
1997,20,15,75,7,69,3.0,30.0,95,1.0,44.0
1997,20,44,75,10,82,16.0,55.0,135,1.0,125.0
1997,18,15,79,7,101,0.0,128.0,109,0.0,138.0
1997,18,58,79,10,171,0.0,63.0,161,0.0,61.0
1997,17,21,23,17,156,20.0,77.0,218,13.0,70.0
1997,15,65,78,5,65,3.0,42.0,48,1.0,69.0
1997,15,65,81,8,55,12.0,23.0,106,0.0,31.0
1997,15,65,82,4,50,0.0,37.0,48,0.0,60.0
1997,6,30,56,17,111,78.0,31.0,186,24.0,95.0
1997,3,35,49,17,118,81.0,24.0,142,42.0,30.0
1997,1,14,57,17,171,36.0,72.0,182,27.0,73.0
1996,29,50,73,16,241,1.0,84.0,223,0.0,135.0
1996,28,69,85,10,164,0.0,82.0,197,0.0,86.0
1996,27,44,64,16,168,13.0,88.0,212,2.0,128.0
1996,25,63,79,16,186,5.0,82.0,220,0.0,107.0
1996,22,55,77,16,112,47.0,31.0,142,21.0,44.0
1996,18,21,83,8,122,0.0,90.0,109,0.0,91.0
1996,18,58,83,2,38,0.0,35.0,23,0.0,37.0
1996,18,83,86,6,78,0.0,,102,0.0,
1996,17,22,84,16,157,14.0,43.0,170,8.0,94.0
1996,15,49,65,16,186,7.0,69.0,187,4.0,92.0
1996,6,30,56,16,124,59.0,18.0,192,11.0,49.0
1996,3,35,71,16,79,78.0,24.0,76,97.0,10.0
1996,1,14,57,16,163,18.0,65.0,119,31.0,58.0
1995,31,50,93,5,99,0.0,94.0,92,0.0,111.0
1995,30,85,86,4,64,0.0,87.0,73,0.0,95.0
1995,30,85,92,11,216,0.0,247.0,196,0.0,243.0
1995,30,85,98,2,35,0.0,41.0,35,0.0,48.0
1995,29,81,89,10,124,5.0,139.0,173,0.0,208.0
1995,29,89,97,7,122,0.0,134.0,121,0.0,124.0
1995,28,64,90,17,267,0.0,389.0,293,0.0,387.0
1995,27,44,84,11,112,14.0,126.0,127,7.0,117.0
1995,27,44,88,6,71,2.0,72.0,84,1.0,94.0
1995,25,63,79,16,181,5.0,229.0,256,0.0,251.0
1995,25,63,99,1,10,0.0,15.0,14,0.0,19.0
1995,22,30,65,17,101,102.0,50.0,126,45.0,125.0
1995,18,69,83,8,112,0.0,134.0,102,1.0,132.0
1995,18,69,94,9,130,0.0,158.0,131,0.0,160.0
1995,17,22,56,17,206,11.0,162.0,209,10.0,129.0
1995,15,49,91,6,63,3.0,63.0,101,0.0,115.0
1995,15,49,96,11,97,12.0,113.0,140,3.0,171.0
1995,6,55,77,17,170,42.0,86.0,157,31.0,71.0
1995,3,14,71,17,176,49.0,45.0,133,69.0,42.0
1995,1,57,87,14,214,15.0,112.0,146,13.0,161.0
1995,1,57,95,2,23,2.0,15.0,34,0.0,19.0
1995,1,76,87,1,10,0.0,12.0,9,0.0,10.0
1994,33,98,115,1,15,0.0,25.0,23,0.0,23.0
1994,33,100,106,10,137,2.0,169.0,167,0.0,204.0
1994,33,100,112,1,25,0.0,22.0,23,0.0,19.0
1994,33,100,114,2,32,0.0,46.0,35,0.0,46.0
1994,33,100,115,2,32,0.0,45.0,51,0.0,47.0
1994,32,63,70,2,26,0.0,47.0,31,0.0,31.0
1994,32,65,70,7,104,0.0,122.0,137,0.0,144.0
1994,32,65,83,4,36,0.0,64.0,54,0.0,70.0
1994,32,65,113,2,23,0.0,40.0,37,0.0,51.0
1994,32,70,103,1,16,0.0,21.0,18,0.0,22.0
1994,31,85,101,1,27,0.0,,10,0.0,24.0
1994,31,89,101,1,24,0.0,26.0,12,0.0,24.0
1994,31,93,101,2,40,0.0,52.0,38,0.0,49.0
1994,31,101,107,3,53,0.0,75.0,64,0.0,52.0
1994,31,101,111,7,107,0.0,168.0,103,0.0,180.0
1994,30,92,108,16,395,0.0,101.0,428,0.0,53.0
1994,29,81,104,16,275,3.0,217.0,187,6.0,254.0
1994,27,44,65,1,9,0.0,11.0,8,0.0,7.0
1994,27,44,103,13,134,7.0,185.0,149,4.0,218.0
1994,27,44,116,2,16,2.0,31.0,30,0.0,40.0
1994,25,79,87,16,259,5.0,169.0,214,8.0,191.0
1994,22,30,50,8,47,50.0,17.0,108,8.0,86.0
1994,22,30,65,2,22,6.0,3.0,48,0.0,12.0
1994,22,30,109,4,5,36.0,4.0,49,1.0,29.0
1994,22,50,109,2,29,2.0,20.0,28,0.0,34.0
1994,18,94,105,16,215,4.0,241.0,255,1.0,281.0
1994,17,22,56,13,151,15.0,104.0,207,6.0,120.0
1994,17,22,88,1,3,4.0,8.0,19,0.0,20.0
1994,17,22,110,2,47,0.0,28.0,18,3.0,21.0
1994,15,49,91,4,57,2.0,23.0,49,4.0,36.0
1994,15,49,109,2,13,1.0,13.0,35,0.0,32.0
1994,15,49,110,9,144,4.0,83.0,173,1.0,136.0
1994,6,55,77,14,152,24.0,76.0,160,35.0,82.0
1994,6,77,78,2,23,6.0,8.0,27,6.0,13.0
1994,3,14,71,8,67,14.0,45.0,17,62.0,20.0
1994,3,71,95,4,24,22.0,8.0,39,13.0,10.0
1994,3,71,102,3,26,7.0,11.0,59,0.0,3.0
1994,1,57,84,15,160,26.0,92.0,206,13.0,159.0
1994,1,84,112,1,4,3.0,6.0,22,0.0,14.0
1993,33,100,112,14,196,1.0,,176,2.0,
1993,33,100,126,2,33,0.0,,26,0.0,
1993,32,65,70,12,138,11.0,,182,1.0,
1993,32,65,83,4,70,0.0,,65,0.0,
1993,29,88,118,16,267,0.0,,211,4.0,
1993,27,84,87,16,172,13.0,,207,10.0,
1993,26,69,105,14,239,0.0,,265,0.0,
1993,25,79,110,16,304,0.0,,270,0.0,
1993,22,30,119,16,147,52.0,,171,20.0,
1993,18,94,104,6,83,0.0,,81,0.0,
1993,18,94,111,2,33,0.0,,35,0.0,
1993,18,104,120,8,72,5.0,,131,2.0,
1993,17,22,56,2,16,2.0,,27,1.0,
1993,17,22,122,2,35,0.0,,50,0.0,
1993,17,22,123,10,160,0.0,,159,0.0,
1993,17,22,124,1,25,0.0,,26,0.0,
1993,17,22,125,1,13,0.0,,26,0.0,
1993,15,91,109,16,215,7.0,,224,5.0,
1993,6,55,77,16,209,16.0,,210,12.0,
1993,3,71,117,16,113,69.0,,63,99.0,
1993,1,57,102,3,43,4.0,,26,20.0,
1993,1,102,121,13,99,53.0,,201,7.0,
1992,38,90,135,7,201,0.0,,220,0.0,
1992,37,91,108,11,187,3.0,,229,0.0,
1992,37,91,125,3,37,0.0,,42,0.0,
1992,37,125,136,2,28,0.0,,32,0.0,
1992,36,99,128,3,62,0.0,,58,0.0,
1992,36,99,130,10,185,0.0,,262,0.0,
1992,35,94,109,16,238,2.0,,192,0.0,
1992,34,71,128,7,193,0.0,,200,0.0,
1992,34,128,132,3,71,0.0,,90,0.0,
1992,33,79,92,16,273,0.0,,299,1.0,
1992,32,57,65,16,196,11.0,,284,2.0,
1992,29,88,105,16,249,0.0,,157,6.0,
1992,27,100,123,16,219,4.0,,233,2.0,
1992,25,110,129,16,216,8.0,,287,0.0,
1992,22,30,84,16,116,53.0,,140,38.0,
1992,18,70,81,3,82,0.0,,56,0.0,
1992,18,81,104,13,203,0.0,,221,1.0,
1992,17,127,131,16,286,0.0,,321,1.0,
1992,6,55,78,2,9,5.0,,23,0.0,
1992,6,55,122,14,202,13.0,,235,3.0,
1992,3,95,119,16,87,108.0,,120,56.0,
1992,1,77,102,16,154,49.0,,179,50.0,
1991,41,91,127,2,45,0.0,,22,0.0,
1991,41,122,127,14,255,1.0,,220,0.0,
1991,40,78,128,16,426,0.0,,474,0.0,
1991,39,99,120,11,318,0.0,,332,0.0,
1991,39,99,140,2,33,0.0,,56,0.0,
1991,39,120,129,1,32,0.0,,33,0.0,
1991,35,109,139,16,255,4.0,,277,1.0,
1991,34,84,87,16,254,2.0,,280,1.0,
1991,33,88,92,1,27,0.0,,30,0.0,
1991,33,88,103,2,32,1.0,,44,0.0,
1991,32,57,65,8,140,0.0,,123,0.0,
1991,32,57,141,4,40,2.0,,93,1.0,
1991,32,57,143,4,72,0.0,,115,0.0,
1991,29,105,133,12,283,0.0,,327,0.0,
1991,29,105,140,4,86,0.0,,100,0.0,
1991,27,100,123,16,256,0.0,,238,0.0,
1991,26,88,103,13,288,0.0,,263,1.0,
1991,25,131,138,16,197,10.0,,270,2.0,
1991,22,30,137,5,53,4.0,,33,4.5,
1991,22,90,137,11,123,8.0,,130,22.0,
1991,18,81,94,15,233,0.0,,200,6.0,
1991,18,90,94,1,16,0.0,,21,0.0,
1991,17,30,110,1,26,0.0,,13,0.0,
1991,17,70,110,3,38,0.0,,52,0.0,
1991,17,90,110,2,35,0.0,,15,0.0,
1991,17,92,110,10,113,4.0,,130,9.0,
1991,6,55,81,1,23,0.0,,6,0.5,
1991,6,55,117,15,173,21.0,,175,34.0,
1991,3,95,119,16,136,72.0,,130,53.0,
1991,1,77,102,16,185,43.0,,54,96.0,
1990,46,109,140,2,58,0.0,,55,0.0,
1990,46,109,148,8,161,0.0,,160,0.0,
1990,44,90,149,14,407,0.0,,462,0.0,
1990,41,122,127,16,266,6.0,,309,1.0,
1990,39,99,114,16,431,0.0,,419,0.0,
1990,35,81,110,2,43,0.0,,47,0.0,
1990,35,110,139,14,270,0.0,,284,0.0,
1990,34,101,131,14,332,0.0,,245,0.0,
1990,34,131,148,2,22,2.0,,42,0.0,
1990,33,88,103,16,251,6.0,,225,5.0,
1990,32,65,118,2,29,0.0,,31,0.0,
1990,32,118,151,14,183,3.0,,237,0.0,
1990,27,78,112,16,209,0.0,,255,0.0,
1990,25,55,138,16,208,13.0,,273,3.0,
1990,22,90,137,2,9,6.0,,2,18.0,
1990,22,137,145,14,109,26.0,,146,21.0,
1990,21,105,133,14,258,0.0,,205,2.0,
1990,21,105,146,2,20,0.0,,41,0.0,
1990,18,81,94,2,41,0.0,,17,0.0,
1990,18,94,147,14,260,0.0,,289,0.0,
1990,6,95,117,16,163,37.0,,111,73.0,
1990,3,119,123,16,148,23.0,,166,34.0,
1990,1,77,102,16,119,43.0,,113,78.0,
1989,49,88,146,15,547,0.0,,501,0.0,
1989,48,92,162,2,59,0.0,,59,0.0,
1989,48,148,162,1,29,0.0,,28,0.0,
1989,48,157,161,10,211,3.0,,347,0.0,
1989,48,157,162,3,88,0.0,,89,0.0,
1989,46,92,140,12,310,0.0,,266,2.0,
1989,46,109,140,4,99,0.0,,98,4.0,
1989,45,78,160,16,421,0.0,,489,0.0,
1989,42,90,134,6,190,0.0,,233,0.0,
1989,42,90,162,10,272,0.0,,351,0.0,
1989,39,99,114,9,303,0.0,,315,0.0,
1989,39,99,164,6,79,1.0,,221,0.0,
1989,37,122,127,16,302,0.0,,240,4.0,
1989,35,110,133,16,235,4.0,,250,4.0,
1989,34,84,131,16,233,4.0,,263,4.0,
1989,33,103,112,2,27,0.0,,38,0.0,
1989,33,105,112,8,195,0.0,,144,1.0,
1989,33,112,114,6,116,0.0,,168,0.0,
1989,32,137,138,16,199,12.0,,265,3.0,
1989,27,129,163,16,295,1.0,,331,2.0,
1989,25,55,156,8,91,8.0,,140,0.0,
1989,25,65,156,2,53,0.0,,20,1.0,
1989,25,105,156,6,94,6.0,,67,1.0,
1989,22,65,145,6,78,5.0,,70,8.0,
1989,22,139,145,10,139,2.0,,113,24.0,
1989,21,118,158,15,195,7.0,,204,6.0,
1989,21,151,158,1,12,0.0,,7,0.0,
1989,18,94,159,15,234,5.0,,268,1.0,
1989,18,147,159,1,26,0.0,,25,0.0,
1989,6,77,95,14,237,15.0,,147,38.0,
1989,3,119,123,16,148,40.0,,164,37.0,
1989,1,102,117,16,148,60.0,,86,81.0,
1988,49,146,160,15,370,0.0,,342,0.0,
1988,44,131,165,16,331,0.0,,391,0.0,
1988,37,122,127,16,223,17.0,,208,5.0,
1988,33,88,112,1,16,0.0,,9,0.0,
1988,33,112,114,14,224,0.0,,211,0.0,
1988,33,112,162,1,10,0.0,,29,0.0,
1988,32,137,138,16,191,22.0,,247,1.0,
1988,27,140,163,16,342,0.0,,316,0.0,
1988,25,141,156,16,384,0.0,,266,5.0,
1988,22,123,145,16,126,27.0,,204,12.0,
1988,21,118,158,16,173,17.0,,214,6.0,
1988,18,94,159,11,201,1.0,,195,0.0,
1988,18,159,167,5,63,0.0,,123,0.0,
1988,6,77,105,16,153,41.0,,184,24.0,
1988,3,84,119,1,7,0.0,,18,0.0,
1988,3,95,119,14,230,12.0,,190,8.0,
1988,3,119,168,1,7,0.0,,11,0.0,
1988,1,102,117,16,62,94.0,,57,105.0,
1987,49,84,157,16,249,2.0,,265,0.0,
1987,45,99,133,1,20,0.0,,12,0.0,
1987,45,133,171,2,43,0.0,,39,0.0,
1987,34,110,119,15,286,4.0,,239,6.0,
1987,34,110,131,1,8,0.0,,20,0.0,
1987,33,112,114,3,50,1.0,,28,0.0,
1987,32,102,138,16,86,57.0,,211,7.0,
1987,27,160,163,15,234,0.0,,245,1.0,
1987,25,156,166,16,171,7.0,,197,4.0,
1987,22,123,170,16,176,16.0,,205,12.0,
1987,21,118,158,16,238,3.0,,205,8.0,
1987,18,145,167,16,306,0.0,,315,0.0,
1987,6,77,105,16,195,36.0,,213,17.0,
1987,3,95,137,15,132,61.0,,82,76.0,
1987,3,119,137,1,9,0.0,,11,0.0,
1987,1,117,140,16,133,46.0,,144,30.0,
1986,49,156,179,13,178,0.0,,254,0.0,
1986,45,133,160,1,11,0.0,,23,0.0,
1986,45,157,160,6,120,0.0,,111,0.0,
1986,45,160,180,9,198,0.0,,170,0.0,
1986,34,118,119,11,175,0.0,,171,1.0,
1986,34,119,173,4,60,1.0,,59,0.0,
1986,32,102,174,16,149,55.0,,230,3.0,
1986,27,112,163,7,101,1.0,,70,3.0,
1986,27,163,172,9,81,11.0,,83,14.0,
1986,26,158,178,1,18,0.0,,19,0.0,
1986,26,175,178,15,232,2.0,,249,4.0,
1986,25,84,166,16,187,8.0,,214,3.0,
1986,22,77,170,16,193,17.0,,240,2.0,
1986,21,123,157,10,126,0.0,,132,1.0,
1986,21,123,176,5,53,0.0,,58,0.0,
1986,18,110,145,15,267,0.0,,301,0.0,
1986,6,105,140,16,201,14.0,,169,23.0,
1986,3,95,137,16,100,72.0,,90,69.0,
1986,1,117,177,16,84,74.0,,195,22.0,
1985,53,160,170,7,151,0.0,,115,0.0,
1985,51,119,158,16,273,0.0,,269,0.0,
1985,50,112,181,9,179,0.0,,160,0.0,
1985,50,112,186,2,41,0.0,,41,0.0,
1985,34,137,176,12,149,21.0,,130,5.0,
1985,34,137,183,4,62,0.0,,94,0.0,
1985,32,102,173,16,145,38.0,,126,33.0,
1985,27,110,172,11,185,3.0,,132,10.0,
1985,27,166,172,4,30,4.0,,43,6.0,
1985,25,84,122,2,31,0.0,,21,3.0,
1985,25,84,140,1,8,0.0,,7,0.0,
1985,25,84,166,1,7,0.0,,11,0.0,
1985,25,84,185,10,129,0.0,,119,4.0,
1985,21,77,123,16,207,3.0,,148,11.0,
1985,6,105,140,15,138,47.0,,149,26.0,
1985,6,105,163,1,2,6.0,,4,3.0,
1985,4,118,175,14,180,5.0,,171,11.0,
1985,3,95,177,16,178,31.0,,169,40.0,
1985,1,117,182,14,78,69.0,,171,14.0,
1985,1,117,187,1,4,3.0,,7,0.0,
1984,54,77,181,1,6,0.0,,26,0.0,
1984,53,94,140,1,27,0.0,,4,3.0,
1984,53,102,140,2,26,4.0,,32,0.0,
1984,53,102,188,10,130,9.0,,192,0.0,
1984,51,119,158,16,228,8.0,,260,3.0,
1984,50,112,156,14,285,0.0,,228,0.0,
1984,50,112,191,1,10,0.0,,23,0.0,
1984,45,160,189,8,154,0.0,,129,0.0,
1984,34,137,170,12,150,19.0,,151,9.0,
1984,34,137,181,1,6,1.0,,10,0.0,
1984,34,137,190,3,31,9.0,,41,0.0,
1984,32,95,173,16,211,13.0,,127,34.0,
1984,27,110,183,15,205,3.0,,255,0.0,
1984,25,84,185,9,126,0.0,,143,0.0,
1984,25,140,185,3,66,0.0,,53,0.0,
1984,25,140,191,1,10,0.0,,27,0.0,
1984,21,123,176,16,228,5.0,,261,1.0,
1984,6,105,163,16,185,30.5,,147,27.0,
1984,4,118,175,14,155,23.0,,158,11.0,
1984,3,172,177,16,260,5.0,,225,20.5,
1984,1,117,182,16,114,71.5,,100,72.0,
1983,55,188,195,13,231,1.0,,244,0.0,
1983,53,118,152,15,209,9.0,,241,1.0,
1983,51,110,184,15,215,15.0,,240,3.0,
1983,50,168,194,1,29,0.0,,27,0.0,
1983,45,160,190,15,358,0.0,,315,0.0,
1983,34,119,137,15,221,13.0,,106,59.0,
1983,32,95,173,15,196,10.0,,285,2.0,
1983,27,196,197,15,237,0.0,,244,0.0,
1983,25,105,193,15,223,10.0,,223,2.0,
1983,21,123,176,10,125,0.0,,141,0.0,
1983,21,176,178,1,5,2.0,,14,0.0,
1983,21,176,192,4,31,2.0,,42,0.0,
1983,6,163,175,15,117,49.0,,145,40.0,
1983,4,117,158,15,100,57.0,,184,22.0,
1983,3,172,177,14,167,11.0,,119,27.0,
1983,1,182,187,15,219,12.0,,195,22.0,
1982,54,181,194,16,289,2.0,,297,2.0,
1982,53,118,170,14,290,0.0,,341,0.0,
1982,51,110,152,16,231,5.0,,244,2.0,
1982,45,197,204,8,143,3.0,,207,0.0,
1982,37,196,200,5,109,0.0,,59,0.0,
1982,37,196,211,5,106,0.0,,113,0.0,
1982,34,119,137,15,220,21.0,,211,20.0,
1982,32,90,173,1,30,0.0,,18,0.0,
1982,32,95,173,13,178,7.0,,122,23.0,
1982,32,173,209,1,19,0.0,,12,0.0,
1982,27,158,172,15,207,15.0,,247,5.0,
1982,25,105,201,3,15,6.0,,33,0.0,
1982,25,105,205,13,129,19.0,,162,0.0,
1982,21,176,184,12,122,3.0,,187,2.0,
1982,21,184,205,3,67,0.0,,71,0.0,
1982,6,175,202,4,16,16.0,,32,19.0,
1982,6,175,207,2,27,6.0,,22,4.0,
1982,6,202,203,5,74,10.0,,80,6.0,
1982,4,117,163,16,160,34.0,,225,28.0,
1982,3,177,199,2,17,2.0,,21,6.0,
1982,3,177,206,12,71,36.0,,123,8.0,
1982,3,177,207,1,2,6.0,,20,0.0,
1982,1,182,187,14,131,30.0,,113,39.0,
1981,57,176,218,1,4,3.0,,30,0.0,
1981,56,177,192,14,271,0.0,,317,0.0,
1981,54,136,201,1,27,0.0,,13,0.0,
1981,53,118,205,12,332,0.0,,316,0.0,
1981,51,152,207,15,183,7.0,,179,3.0,
1981,45,160,213,2,38,0.0,,43,0.0,
1981,45,197,213,7,91,0.0,,200,0.0,
1981,45,213,215,3,61,0.0,,76,0.0,
1981,45,213,220,1,26,0.0,,30,0.0,
1981,37,194,206,5,129,0.0,,132,0.0,
1981,34,137,212,15,109,50.0,,205,11.0,
1981,32,95,173,15,243,8.0,,160,14.0,
1981,27,172,175,8,69,27.0,,158,0.0,
1981,27,172,197,2,20,1.0,,18,0.0,
1981,27,172,219,5,48,16.0,,97,0.0,
1981,25,105,158,12,197,0.0,,160,8.0,
1981,25,158,214,1,5,2.0,,25,0.0,
1981,25,158,217,2,38,0.0,,26,0.0,
1981,21,119,198,2,34,0.0,,56,0.0,
1981,21,119,216,13,183,10.0,,258,0.0,
1981,6,202,203,15,195,9.0,,203,25.0,
1981,4,117,163,15,179,43.0,,200,11.0,
1981,3,178,199,15,124,46.0,,100,49.0,
1981,1,110,187,15,245,1.0,,125,27.0,
1980,58,140,225,2,53,0.0,,51,0.0,
1980,58,209,225,5,112,0.0,,132,0.0,
1980,57,136,209,2,53,0.0,,46,0.0,
1980,56,177,224,14,207,6.0,,203,5.0,
1980,54,136,176,3,80,0.0,,48,0.0,
1980,54,176,229,1,12,0.0,,26,0.0,
1980,51,110,152,2,42,0.0,,37,0.0,
1980,51,152,221,8,121,2.0,,126,0.0,
1980,51,152,230,2,36,0.0,,41,0.0,
1980,34,137,212,7,46,29.0,,109,1.0,
1980,34,137,217,7,50,25.0,,120,0.0,
1980,32,173,207,11,160,9.0,,161,1.0,
1980,27,172,202,14,118,34.0,,141,32.0,
1980,25,197,206,12,159,6.0,,149,6.0,
1980,21,119,181,1,17,0.0,,26,0.0,
1980,21,119,200,12,149,7.0,,150,4.0,
1980,6,203,222,14,162,6.0,,181,2.0,
1980,4,163,219,13,122,29.0,,214,9.0,
1980,3,178,199,7,56,28.0,,76,16.0,
1980,1,117,187,13,169,5.0,,180,3.0,
1980,1,187,226,1,4,3.0,,27,0.0,
1979,204,137,182,13,207,3.0,,211,4.0,
1979,182,137,217,1,8,0.0,,15,0.0,
1979,58,136,173,15,251,0.0,,210,3.0,
1979,56,224,237,2,15,0.0,,57,0.0,
1979,51,152,230,2,43,0.0,,37,0.0,
1979,32,199,207,4,50,4.0,,51,2.0,
1979,27,172,221,7,77,24.0,,52,22.0,
1979,27,172,235,8,94,12.0,,121,3.0,
1979,25,197,202,11,105,14.0,,127,8.0,
1979,25,202,206,1,7,0.0,,8,0.0,
1979,25,202,209,1,9,0.0,,7,0.0,
1979,21,119,200,15,214,2.0,,214,3.0,
1979,6,203,222,15,83,53.0,,73,60.0,
1979,4,163,219,15,220,17.0,,245,9.0,
1979,3,178,223,15,133,43.0,,152,32.0,
1979,1,175,187,15,257,0.0,,148,15.0,
1978,63,163,213,1,17,0.0,,24,0.0,
1978,63,211,230,13,300,0.0,,205,1.0,
1978,63,230,248,1,24,0.0,,28,0.0,
1978,60,232,244,1,18,0.0,,32,0.0,
1978,59,177,222,4,71,0.0,,51,6.0,
1978,59,222,249,2,5,10.0,,30,0.0,
1978,58,223,233,14,233,4.0,,248,2.0,
1978,57,137,229,1,16,0.0,,11,0.0,
1978,57,206,209,1,20,0.0,,29,0.0,
1978,57,206,229,4,56,0.0,,108,0.0,
1978,57,206,239,1,8,0.0,,13,0.0,
1978,57,240,241,2,40,0.0,,45,0.0,
1978,54,177,200,3,43,0.0,,37,0.0,
1978,54,177,247,2,37,0.0,,46,0.0,
1978,54,197,200,6,104,0.0,,101,0.0,
1978,54,200,244,2,20,0.0,,56,0.0,
1978,54,200,246,1,28,0.0,,30,0.0,
1978,54,200,247,1,30,0.0,,29,0.0,
1978,54,229,247,2,55,0.0,,54,0.0,
1978,34,182,187,15,169,44.0,,150,25.0,
1978,25,202,221,16,203,7.0,,201,34.0,
1978,21,119,243,13,166,11.0,,258,0.0,
1978,6,199,203,16,133,48.0,,171,17.0,
1978,1,175,231,2,14,1.0,,22,0.0,
1977,72,273,274,1,11,0.0,,22,0.0,
1977,67,197,246,3,57,0.0,,52,0.0,
1977,67,197,268,1,22,0.0,,24,0.0,
1977,64,211,212,1,11,0.0,,18,0.0,
1977,64,211,229,2,29,0.0,,41,0.0,
1977,64,211,270,3,33,0.0,,73,0.0,
1977,63,230,241,1,21,0.0,,27,0.0,
1977,63,230,246,9,120,1.0,,127,0.0,
1977,63,230,256,2,25,3.0,,39,0.0,
1977,63,230,267,3,32,2.0,,52,0.0,
1977,58,119,178,9,122,1.0,,86,13.0,
1977,58,178,197,1,26,0.0,,9,0.0,
1977,58,178,232,1,1,9.0,,22,0.0,
1977,58,178,254,2,31,0.0,,37,0.0,
1977,58,178,262,1,17,0.0,,9,0.0,
1977,58,252,254,3,39,0.0,,48,1.0,
1977,57,175,223,7,119,4.0,,123,4.0,
1977,57,223,235,1,24,0.0,,10,0.0,
1977,56,224,253,2,8,6.0,,24,0.0,
1977,37,237,251,2,26,0.0,,29,0.0,
1977,34,187,233,13,200,8.0,,139,12.0,
1977,34,187,250,3,27,1.0,,23,6.0,
1977,32,207,255,17,180,47.0,,220,20.0,
1977,27,172,197,1,5,2.0,,20,0.0,
1977,25,221,238,16,200,16.0,,229,7.0,
1977,6,182,199,15,92,72.0,,112,36.0,
1977,6,199,203,2,22,6.0,,31,0.0,
1977,1,200,231,6,72,5.0,,46,18.0,
1976,204,199,250,11,199,3.0,,121,4.0,
1976,204,243,250,1,20,0.0,,25,0.0,
1976,204,250,256,3,48,0.0,,61,0.0,
1976,182,208,271,1,28,0.0,,26,0.0,
1976,182,258,271,1,21,0.0,,12,0.0,
1976,182,271,275,1,14,0.0,,12,0.0,
1976,182,271,281,1,23,0.0,,27,0.0,
1976,182,271,282,1,30,0.0,,28,0.0,
1976,182,275,276,1,30,0.0,,19,0.0,
1976,67,187,257,1,19,0.0,,14,0.0,
1976,64,229,237,1,13,0.0,,12,0.0,
1976,64,229,243,1,18,0.0,,12,0.0,
1976,64,229,265,6,119,0.0,,134,0.0,
1976,63,178,239,4,38,2.0,,80,0.0,
1976,63,178,274,1,4,3.0,,9,0.0,
1976,63,178,280,1,19,0.0,,22,0.0,
1976,59,232,246,1,20,0.0,,13,0.0,
1976,59,232,278,1,24,0.0,,26,0.0,
1976,59,232,286,1,25,0.0,,14,0.0,
1976,59,235,277,6,107,0.0,,79,0.0,
1976,58,197,252,15,194,0.0,,150,7.0,
1976,56,224,253,4,65,1.0,,92,0.0,
1976,32,207,238,1,20,0.0,,19,0.0,
1976,32,207,255,12,152,21.0,,174,11.0,
1976,32,255,276,2,42,0.0,,34,0.0,
1976,25,221,222,8,65,26.0,,49,27.0,
1976,6,182,223,13,95,65.0,,127,19.0,
1976,1,200,231,16,160,19.0,,118,69.0,
1975,202,197,252,12,198,1.5,,157,5.0,
1975,75,178,294,4,44,2.0,,42,0.0,
1975,75,243,294,2,36,0.0,,38,0.0,
1975,75,267,294,1,20,0.0,,6,1.0,
1975,75,294,296,1,19,0.0,,13,0.0,
1975,64,178,231,2,44,0.0,,38,0.0,
1975,64,229,231,1,8,0.0,,11,0.0,
1975,64,231,239,1,4,3.0,,13,0.0,
1975,63,187,301,1,11,0.0,,18,0.0,
1975,57,278,295,2,24,0.0,,45,0.0,
1975,37,230,233,1,7,0.0,,8,0.0,
1975,37,230,275,7,127,1.0,,130,0.5,
1975,34,199,250,14,110,37.0,,167,24.0,
1975,32,187,238,1,21,0.0,,22,0.0,
1975,32,205,238,2,40,0.0,,10,3.0,
1975,32,235,238,8,100,3.0,,101,3.0,
1975,32,238,302,1,22,0.0,,13,0.0,
1975,26,243,289,2,27,0.0,,22,0.0,
1975,26,243,296,1,10,0.0,,15,0.0,
1975,25,221,222,11,110,7.0,,117,10.0,
1975,6,182,223,14,68,64.5,,130,25.0,
1975,3,172,232,5,85,0.0,,101,0.0,
1975,3,172,251,1,17,0.0,,12,0.0,
1975,3,172,254,1,18,0.0,,14,0.0,
1975,3,172,270,1,2,6.0,,25,0.0,
1975,3,172,275,1,23,0.0,,24,0.0,
1975,3,172,296,1,11,0.0,,26,0.0,
1975,3,172,303,1,20,0.0,,22,0.0,
1975,3,232,294,1,24,0.0,,7,0.0,
1975,3,251,282,1,19,0.0,,14,0.0,
1975,1,200,224,13,152,19.0,,104,45.0,
1974,80,172,232,5,92,0.0,,84,3.0,
1974,80,219,232,1,26,0.0,,9,0.0,
1974,80,232,298,2,45,0.0,,41,0.0,
1974,80,232,311,3,44,1.0,,82,0.0,
1974,80,308,311,1,27,0.0,,8,0.0,
1974,78,256,278,1,30,0.0,,31,0.0,
1974,66,278,306,2,26,0.0,,51,0.0,
1974,66,280,306,1,26,0.0,,24,0.0,
1974,64,231,251,1,3,4.0,,26,0.0,
1974,63,200,250,5,108,0.0,,72,3.0,
1974,63,200,321,1,16,0.0,,11,0.0,
1974,63,319,324,1,21,0.0,,23,0.0,
1974,63,321,324,1,27,0.0,,10,0.0,
1974,58,197,252,8,114,0.0,,123,1.0,
1974,58,197,309,2,45,0.0,,46,0.0,
1974,58,197,312,3,31,4.0,,48,0.0,
1974,58,197,318,1,5,2.0,,25,0.0,
1974,37,230,233,10,150,1.0,,199,2.0,
1974,37,230,317,1,10,0.0,,14,0.0,
1974,32,235,238,13,152,12.0,,125,35.0,
1974,26,243,289,4,62,0.0,,42,0.0,
1974,26,265,289,9,150,0.0,,104,1.0,
1974,26,289,320,1,13,0.0,,25,0.0,
1974,25,221,222,14,146,11.0,,121,45.0,
1974,6,182,223,15,175,38.0,,94,52.0,
1973,80,235,307,1,7,0.0,,12,0.0,
1973,80,280,307,1,23,0.0,,14,0.0,
1973,80,298,307,3,36,1.0,,37,0.0,
1973,80,307,314,1,6,1.0,,14,0.0,
1973,80,307,330,5,68,0.0,,82,0.0,
1973,80,307,334,1,10,0.0,,18,0.0,
1973,80,307,336,1,9,0.0,,28,0.0,
1973,66,223,306,1,6,1.0,,5,2.0,
1973,63,250,305,10,138,4.0,,143,0.0,
1973,58,262,289,1,10,0.0,,13,0.0,
1973,58,262,332,1,20,0.0,,6,1.0,
1973,37,197,329,4,54,0.0,,51,0.0,
1973,37,259,329,1,15,0.0,,16,0.0,
1973,37,280,329,1,8,0.0,,7,0.0,
1973,34,199,290,5,56,3.0,,78,1.0,
1973,32,224,238,14,101,51.0,,131,52.0,
1973,25,327,328,12,59,47.0,,50,60.0,
1973,6,232,235,6,62,6.0,,62,7.0,
1973,1,222,304,1,17,0.0,,8,0.0,
1973,1,304,309,9,66,17.0,,89,12.0,
1972,81,321,330,1,27,0.0,,24,0.0,
1972,63,314,333,2,12,2.0,,41,0.0,
1972,34,199,289,2,31,0.0,,24,1.0,
1972,34,289,290,2,22,0.0,,16,0.0,
1972,32,224,317,1,11,0.0,,14,0.0,
1972,32,224,338,5,18,31.0,,81,0.0,
1972,25,327,328,9,129,0.0,,85,27.0,
1972,6,223,235,4,66,2.0,,56,6.0,
1972,6,232,235,1,6,1.0,,17,0.0,
1972,6,235,330,1,11,0.0,,13,0.0,
1972,1,304,309,8,35,35.0,,42,23.0,
1972,1,304,312,3,41,0.0,,19,4.0,
1971,199,238,333,1,20,0.0,,17,0.0,
1971,199,330,333,1,12,0.0,,21,0.0,
1971,180,224,293,1,3,4.0,,22,0.0,
1971,180,224,317,6,50,12.0,,50,7.0,
1971,82,278,306,7,84,6.0,,69,1.0,
1971,66,307,346,1,8,0.0,,9,0.0,
1971,63,243,341,6,73,1.0,,62,0.0,
1971,34,289,314,8,114,2.0,,89,5.0,
1971,25,327,328,10,95,17.0,,52,60.0,
1971,6,223,235,5,77,1.0,,90,0.0,
1971,1,262,347,1,7,0.0,,10,0.0,
1971,1,288,304,1,3,4.0,,4,3.0,
1971,1,304,320,4,42,5.0,,47,0.0,
1970,198,330,333,1,26,0.0,,8,0.0,
1970,187,304,320,4,37,8.0,,50,1.0,
1970,187,304,364,2,7,7.0,,17,1.0,
1970,82,280,306,13,115,8.0,,127,16.0,
1970,66,262,345,3,40,0.0,,24,10.0,
1970,63,321,341,1,6,1.0,,24,0.0,
1970,34,243,356,9,101,8.0,,94,10.0,
1970,6,223,235,6,37,18.0,,33,31.0,
1970,6,235,363,2,26,0.0,,18,3.0,
1969,196,306,328,7,39,16.0,,16,51.0,
1969,191,362,368,1,9,0.0,,8,0.0,
1969,187,304,360,6,48,13.0,,51,13.0,
1969,182,235,356,1,17,0.0,,14,0.0,
1969,182,235,361,2,3,15.0,,16,2.0,
1969,66,262,341,3,41,0.0,,37,0.0,
1969,6,278,345,1,12,0.0,,11,0.0,
1968,196,306,328,1,6,1.0,,14,0.0,
1968,196,328,359,3,22,1.0,,22,6.0,
1968,195,312,375,1,3,4.0,,4,3.0,
1968,195,312,376,1,13,0.0,,6,1.0,
1968,195,350,359,1,4,3.0,,16,0.0,
1968,195,350,376,4,45,2.0,,51,0.0,
1968,195,350,378,1,15,0.0,,13,0.0,
1968,195,375,376,1,4,3.0,,3,4.0,
1968,191,356,358,6,77,0.0,,87,0.0,
1968,187,304,360,7,45,22.0,,66,9.0,
1968,187,360,364,1,6,1.0,,4,3.0,
1968,180,289,346,2,16,9.0,,19,0.0,
1968,180,289,373,1,2,6.0,,1,9.0,
1968,82,280,306,2,20,0.0,,26,0.0,
1968,66,345,361,3,18,7.0,,40,0.0,
1968,66,345,374,1,17,0.0,,20,0.0,
1968,11,322,341,1,10,0.0,,17,0.0,
1968,11,341,347,1,15,0.0,,5,2.0,
1968,11,341,377,1,2,6.0,,17,0.0,
1968,6,235,278,8,68,23.0,,78,7.0,
1968,6,278,321,1,15,0.0,,19,0.0,
1967,191,304,356,6,25,28.0,,38,25.0,
1967,190,360,364,3,51,0.0,,35,0.0,
1967,190,364,375,1,18,0.0,,17,0.0,
1967,180,289,373,5,72,0.0,,21,28.0,
1967,176,382,392,1,17,0.0,,19,0.0,
1967,90,379,391,1,21,0.0,,14,0.0,
1967,82,235,377,1,13,0.0,,24,0.0,
1967,82,306,359,1,18,0.0,,15,0.0,
1967,66,328,374,2,30,0.0,,22,0.0,
1967,26,322,365,1,10,0.0,,17,0.0,
1967,6,278,385,1,3,4.0,,7,0.0,
1967,6,278,395,1,9,0.0,,8,0.0,
1966,191,304,356,7,54,18.0,,34,42.0,
1966,183,304,383,1,14,0.0,,16,0.0,
1966,183,347,383,1,12,0.0,,7,0.0,
1966,176,374,397,5,57,2.0,,72,0.0,
1966,66,289,328,1,2,6.0,,4,3.0,
1966,11,386,405,2,12,3.0,,18,0.0,
1966,6,341,385,2,14,9.0,,5,10.0,
1966,6,385,387,2,17,1.0,,18,6.0,
1965,185,334,368,1,27,0.0,,13,0.0,
1965,182,406,407,1,9,0.0,,14,0.0,
1965,181,346,380,6,61,1.0,,91,0.0,
1965,180,293,412,1,28,0.0,,24,0.0,
1965,176,278,370,1,16,0.0,,13,0.0,
1965,176,278,404,1,12,0.0,,13,0.0,
1965,176,305,370,1,15,0.0,,12,0.0,
1965,176,370,404,5,55,1.0,,65,0.0,
1965,172,373,374,3,3,27.0,,22,0.0,
1965,170,358,360,8,89,4.0,,84,8.0,
1965,66,289,328,6,23,27.0,,41,17.0,
1965,11,386,405,6,59,10.0,,84,2.0,
1965,6,341,385,7,46,17.0,,69,7.0,
1964,181,346,347,2,17,3.0,,30,0.0,
1964,181,346,358,1,17,0.0,,10,0.0,
1964,181,346,434,2,20,4.0,,23,0.0,
1964,176,278,305,4,43,2.0,,44,0.0,
1964,176,305,309,1,19,0.0,,13,0.0,
1964,172,373,374,2,16,9.0,,15,1.0,
1964,172,373,397,3,19,12.0,,10,11.0,
1964,170,340,360,1,23,0.0,,2,6.0,
1964,170,360,403,6,51,7.0,,66,0.0,
1964,94,401,404,6,85,1.0,,64,4.0,
1964,66,289,386,2,12,9.0,,12,3.0,
1964,6,341,385,8,73,25.0,,69,15.0,
1963,176,346,440,2,20,0.0,,20,0.0,
1963,172,373,401,1,1,9.0,,10,0.0,
1963,98,448,450,1,7,0.0,,24,0.0,
1963,95,423,430,2,23,3.0,,20,0.0,
1963,92,437,438,7,152,0.0,,130,0.0,
1963,89,368,411,1,20,0.0,,11,0.0,
1963,66,289,386,3,16,13.0,,25,8.0,
1963,54,394,403,8,161,0.0,,144,0.0,
1963,34,356,364,8,69,14.0,,74,13.0,
1963,26,278,376,1,16,0.0,,11,0.0,
1963,26,278,427,1,16,0.0,,12,0.0,
1963,6,341,375,2,20,4.0,,26,1.0,
1963,6,341,385,4,63,0.0,,41,4.0,
1963,6,341,435,2,5,12.0,,31,0.0,
1962,176,346,418,1,16,0.0,,14,0.0,
1962,176,346,455,1,26,0.0,,20,0.0,
1962,176,364,418,1,20,0.0,,17,0.0,
1962,170,360,408,2,17,9.0,,27,0.0,
1962,99,436,438,1,24,0.0,,11,0.0,
1962,66,289,386,4,8,27.0,,40,6.0,
1962,26,341,456,9,85,19.0,,154,0.0,
1961,175,424,425,1,29,0.0,,19,0.0,
1961,167,385,427,2,36,0.0,,33,0.0,
1961,167,385,487,1,12,0.0,,30,0.0,
1961,102,475,486,2,40,0.0,,38,0.0,
1961,99,376,482,1,20,0.0,,21,0.0,
1961,95,347,364,1,6,1.0,,2,6.0,
1961,66,289,479,8,116,3.0,,98,6.0,
1960,171,500,543,1,13,0.0,,4,3.0,
1960,167,418,427,1,19,0.0,,13,0.0,
1960,167,418,432,1,13,0.0,,9,0.0,
1960,167,483,491,1,14,0.0,,12,0.0,
1960,167,496,499,1,4,3.0,,11,0.0,
1960,117,427,456,1,11,0.0,,22,0.0,
1960,116,527,538,1,21,0.0,,32,0.0,
1960,114,518,519,1,12,0.0,,13,0.0,
1960,112,514,522,1,8,0.0,,16,0.0,
1960,111,513,515,1,6,1.0,,9,0.0,
1960,106,386,507,1,21,0.0,,23,0.0,
1960,106,507,508,3,54,0.0,,60,0.0,
1960,95,431,478,1,7,0.0,,6,1.0,
1960,66,289,347,1,18,0.0,,7,0.0,
1960,6,403,476,2,18,0.0,,10,4.0,
1959,169,505,549,1,10,0.0,,13,0.0,
1959,167,437,478,1,19,0.0,,20,0.0,
1959,117,456,566,4,43,0.0,,46,0.0,
1959,110,512,536,1,3,5.0,,32,0.0,
1959,105,483,553,1,18,0.0,,24,0.0,
1959,95,476,551,1,14,0.0,,21,0.0,
1959,66,347,501,1,1,8.0,,12,0.0,
1959,32,289,404,5,73,0.0,,68,3.0,
1959,32,404,502,1,5,2.0,,17,0.0,
1958,127,543,586,1,24,0.0,,25,0.0,
1958,125,486,549,1,20,0.0,,17,0.0,
1958,118,475,479,1,21,1.0,,1,8.0,
1958,110,449,562,1,20,0.0,,25,0.0,
1958,95,430,431,1,19,0.0,,6,0.0,
1958,87,356,456,2,18,0.0,,19,0.0,
1958,66,501,554,5,33,10.0,,57,7.0,
1958,32,289,477,6,73,0.0,,54,3.0,
1958,6,476,578,1,5,2.0,,2,7.0,
1957,125,549,590,1,11,0.0,,4,3.0,
1957,118,456,590,1,10,0.0,,9,0.0,
1957,118,475,479,1,15,0.0,,2,6.0,
1957,110,449,520,1,30,0.0,,10,0.0,
1957,108,509,611,1,2,7.0,,1,8.0,
1957,87,356,456,1,7,0.0,,13,0.0,
1957,87,356,610,1,6,0.0,,21,0.0,
1957,87,356,617,2,20,0.0,,14,0.0,
1957,66,456,541,1,17,0.0,,9,0.0,
1957,66,486,610,1,14,0.0,,15,0.0,
1957,66,541,618,1,15,0.0,,11,0.0,
1956,128,624,626,1,16,0.0,,9,0.0,
1956,118,427,501,2,22,0.0,,17,3.0,
1956,66,479,578,1,17,0.0,,16,0.0,
1955,118,501,663,3,45,0.0,,38,0.0,
1955,111,513,523,1,13,0.0,,18,0.0,
1954,139,677,805,1,30,0.0,,30,0.0,
1954,135,449,513,1,22,0.0,,22,0.0,
1954,132,633,647,1,20,0.0,,19,1.0,
1954,131,579,648,1,4,3.14,,7,0.0,
1954,128,554,650,1,17,0.0,,14,0.0,
1953,145,709,710,1,15,0.0,,14,0.0,
1953,133,581,651,1,8,0.0,,19,0.0,
1953,129,612,679,3,72,0.0,,24,0.0,
1953,128,427,554,1,13,0.0,,14,0.0,
1953,127,589,625,2,25,0.0,,46,0.0,
1952,147,712,752,1,14,0.0,,9,0.0,
1952,141,427,660,1,5,2.0,,18,0.0,
1952,141,669,720,1,9,0.0,,21,0.0,
1952,141,669,737,1,10,0.0,,14,0.0,
1952,129,729,734,1,14,0.0,,32,0.0,
1952,128,554,626,1,3,4.0,,14,0.0,
1952,105,501,640,1,11,0.0,,6,0.0,
1952,87,688,689,1,8,0.0,,5,2.0,
1951,151,619,778,1,11,0.0,,8,0.0,
1951,134,630,734,1,24,0.0,,5,2.0,
1951,133,475,725,1,8,0.0,,17,0.0,
1951,105,501,589,1,12,0.0,,7,0.0,
1951,105,640,780,1,22,0.0,,21,0.0,
1951,66,661,686,1,7,0.0,,5,2.0,
1951,66,686,781,1,21,0.0,,22,0.0,
1950,161,798,803,1,27,0.0,,27,0.0,
1950,151,619,787,1,6,0.0,,17,0.0,
1950,141,427,626,2,37,0.0,,38,0.0,
1950,126,776,785,1,13,0.0,,16,0.0,
1950,110,526,726,1,15,0.0,,8,0.0,
1950,105,677,731,1,20,0.0,,25,0.0,
1950,6,633,647,1,6,0.0,,5,2.0,
